-- Insert sample travel agencies data
INSERT INTO travel_agencies (id, name, phone, description, cover_image, price_range, rating, total_reviews, is_active) VALUES
('550e8400-e29b-41d4-a716-446655440001', 'وكالة الأندلس للسفر والسياحة', '0213123456789', 'وكالة سفر متخصصة في الرحلات السياحية والدينية مع خدمات متميزة وأسعار تنافسية', 'https://images.unsplash.com/photo-1488646953014-85cb44e25828?w=800', 'متوسط', 4.5, 120, true),
('550e8400-e29b-41d4-a716-446655440002', 'مؤسسة الحرمين للحج والعمرة', '0213987654321', 'متخصصون في رحلات الحج والعمرة مع خدمات شاملة وإقامة فاخرة', 'https://images.unsplash.com/photo-1564769662533-4f00a87b4056?w=800', 'مرتفع', 4.8, 200, true),
('550e8400-e29b-41d4-a716-446655440003', 'وكالة المتوسط للسياحة', '0213456789123', 'رحلات سياحية داخلية وخارجية مع برامج متنوعة لجميع الأعمار', 'https://images.unsplash.com/photo-1469474968028-56623f02e42e?w=800', 'منخفض', 4.2, 85, true),
('550e8400-e29b-41d4-a716-446655440004', 'شركة الصحراء الذهبية للسياحة', '0213789123456', 'رحلات استكشافية في الصحراء الجزائرية مع تجارب ثقافية أصيلة', 'https://images.unsplash.com/photo-1509316975850-ff9c5deb0cd9?w=800', 'متوسط', 4.6, 95, true);

-- Insert travel offers
INSERT INTO travel_offers (agency_id, title, description, price, duration_days, offer_type, image, is_available) VALUES
('550e8400-e29b-41d4-a716-446655440001', 'رحلة إسطنبول الساحرة', 'رحلة سياحية شاملة إلى إسطنبول تشمل الإقامة والمواصلات والجولات السياحية', 85000.00, 7, 'رحلة سياحية', 'https://images.unsplash.com/photo-1541432901042-2d8bd64b4a9b?w=600', true),
('550e8400-e29b-41d4-a716-446655440001', 'باقة دبي المميزة', 'باقة سياحية فاخرة إلى دبي مع إقامة في فنادق 5 نجوم', 120000.00, 5, 'باقة سياحية', 'https://images.unsplash.com/photo-1512453979798-5ea266f8880c?w=600', true),
('550e8400-e29b-41d4-a716-446655440002', 'عمرة رمضان المبارك', 'رحلة عمرة في شهر رمضان المبارك مع برنامج ديني شامل', 180000.00, 14, 'عمرة', 'https://images.unsplash.com/photo-1564769662533-4f00a87b4056?w=600', true),
('550e8400-e29b-41d4-a716-446655440002', 'حج بيت الله الحرام', 'رحلة حج مع خدمات متكاملة وإقامة قريبة من الحرم', 450000.00, 21, 'حج', 'https://images.unsplash.com/photo-1564769662533-4f00a87b4056?w=600', true),
('550e8400-e29b-41d4-a716-446655440003', 'جولة في الجزائر العاصمة', 'جولة سياحية في معالم الجزائر العاصمة التاريخية', 15000.00, 2, 'رحلة داخلية', 'https://images.unsplash.com/photo-1539650116574-75c0c6d73f6e?w=600', true),
('550e8400-e29b-41d4-a716-446655440004', 'مغامرة في الصحراء الكبرى', 'رحلة استكشافية في الصحراء مع المبيت في الخيام التقليدية', 35000.00, 3, 'رحلة مغامرة', 'https://images.unsplash.com/photo-1509316975850-ff9c5deb0cd9?w=600', true);

-- Insert destinations
INSERT INTO destinations (agency_id, name, country, city, destination_type, description, image) VALUES
('550e8400-e29b-41d4-a716-446655440001', 'إسطنبول', 'تركيا', 'إسطنبول', 'international', 'مدينة تاريخية ساحرة تجمع بين الثقافة الأوروبية والآسيوية', 'https://images.unsplash.com/photo-1541432901042-2d8bd64b4a9b?w=400'),
('550e8400-e29b-41d4-a716-446655440001', 'دبي', 'الإمارات العربية المتحدة', 'دبي', 'international', 'مدينة عصرية مليئة بالمعالم السياحية والتسوق الفاخر', 'https://images.unsplash.com/photo-1512453979798-5ea266f8880c?w=400'),
('550e8400-e29b-41d4-a716-446655440002', 'مكة المكرمة', 'السعودية', 'مكة', 'international', 'أقدس الأماكن في الإسلام وقبلة المسلمين', 'https://images.unsplash.com/photo-1564769662533-4f00a87b4056?w=400'),
('550e8400-e29b-41d4-a716-446655440002', 'المدينة المنورة', 'السعودية', 'المدينة المنورة', 'international', 'المدينة التي هاجر إليها الرسول صلى الله عليه وسلم', 'https://images.unsplash.com/photo-1564769662533-4f00a87b4056?w=400'),
('550e8400-e29b-41d4-a716-446655440003', 'الجزائر العاصمة', 'الجزائر', 'الجزائر', 'domestic', 'عاصمة الجزائر التاريخية بمعالمها الأثرية الرائعة', 'https://images.unsplash.com/photo-1539650116574-75c0c6d73f6e?w=400'),
('550e8400-e29b-41d4-a716-446655440004', 'تمنراست', 'الجزائر', 'تمنراست', 'domestic', 'بوابة الصحراء الكبرى وموطن الطوارق', 'https://images.unsplash.com/photo-1509316975850-ff9c5deb0cd9?w=400');

-- Insert travel agency images
INSERT INTO travel_agency_images (agency_id, image_url, alt_text, display_order) VALUES
('550e8400-e29b-41d4-a716-446655440001', 'https://images.unsplash.com/photo-1488646953014-85cb44e25828?w=800', 'مكتب وكالة الأندلس للسفر', 0),
('550e8400-e29b-41d4-a716-446655440001', 'https://images.unsplash.com/photo-1541432901042-2d8bd64b4a9b?w=600', 'رحلة إسطنبول', 1),
('550e8400-e29b-41d4-a716-446655440002', 'https://images.unsplash.com/photo-1564769662533-4f00a87b4056?w=800', 'مؤسسة الحرمين للحج والعمرة', 0),
('550e8400-e29b-41d4-a716-446655440003', 'https://images.unsplash.com/photo-1469474968028-56623f02e42e?w=800', 'وكالة المتوسط للسياحة', 0),
('550e8400-e29b-41d4-a716-446655440004', 'https://images.unsplash.com/photo-1509316975850-ff9c5deb0cd9?w=800', 'شركة الصحراء الذهبية', 0);